timestamp,mains_power_W,current_A,voltage_V
2026-01-01 00:00:00,3572.621095686241,18.682314809044314,230.0
2026-01-01 00:00:06,3555.1041253759035,19.336605448544784,230.0
2026-01-01 00:00:12,3619.270993830653,19.307061922327478,230.0
2026-01-01 00:00:18,3620.371195310077,18.11974928791838,230.0
2026-01-01 00:00:24,3569.6962605960703,19.189053184028705,230.0
2026-01-01 00:00:30,3622.635156157453,18.291471748084554,230.0
2026-01-01 00:00:36,3586.488298654184,19.717345367310447,230.0
2026-01-01 00:00:42,3620.051258377274,19.308786009889428,230.0
2026-01-01 00:00:48,3448.7210543322158,17.68203109592676,230.0
2026-01-01 00:00:54,3536.352770570289,19.231965357259718,230.0
2026-01-01 00:01:00,3645.192105016061,18.22412545392308,230.0
2026-01-01 00:01:06,3596.714185690084,18.988749882762807,230.0
2026-01-01 00:01:12,3595.1845602743147,18.238311155913852,230.0
2026-01-01 00:01:18,3672.225606107963,18.57327448844895,230.0
2026-01-01 00:01:24,3650.497539382909,20.113305288392016,230.0
2026-01-01 00:01:30,3640.307757975213,20.154808608573752,230.0
2026-01-01 00:01:36,3656.942540726931,18.37196353989688,230.0
2026-01-01 00:01:42,3662.912861067911,19.825597442901,230.0
2026-01-01 00:01:48,3613.427661253129,17.93339859378394,230.0
2026-01-01 00:01:54,3621.9338749261615,19.556918789480417,230.0
2026-01-01 00:02:00,3606.7225273750646,19.65758091860629,230.0
2026-01-01 00:02:06,3672.401786289504,20.12352200895933,230.0
2026-01-01 00:02:12,3648.161003218138,18.157710823534817,230.0
2026-01-01 00:02:18,3646.475650306253,19.492064642142672,230.0
2026-01-01 00:02:24,3659.9038705827047,19.47510277393629,230.0
2026-01-01 00:02:30,3624.701732937022,19.549876670841623,230.0
2026-01-01 00:02:36,3609.392450686836,17.943019246499592,230.0
2026-01-01 00:02:42,3609.417190988067,19.214860867173435,230.0
2026-01-01 00:02:48,3609.452103845842,18.097233074425077,230.0
2026-01-01 00:02:54,3592.8402892318363,19.001703005833242,230.0
2026-01-01 00:03:00,3570.0110787066005,19.895622070817016,230.0
2026-01-01 00:03:06,3494.558021140481,17.28987817181501,230.0
2026-01-01 00:03:12,3523.8303546032007,18.28900995214386,230.0
2026-01-01 00:03:18,3554.4480136447787,18.169654061247886,230.0
2026-01-01 00:03:24,3511.450323700102,18.48609625873527,230.0
2026-01-01 00:03:30,3514.2237767489123,19.05844838192826,230.0
2026-01-01 00:03:36,3489.066805311641,18.800301551620436,230.0
2026-01-01 00:03:42,3547.323903785416,17.96866801586439,230.0
2026-01-01 00:03:48,3579.9021926584905,19.322676619953786,230.0
2026-01-01 00:03:54,3535.7992551981,17.5612095040623,230.0
2026-01-01 00:04:00,3406.302037060176,17.463593004776136,230.0
2026-01-01 00:04:06,3377.1968036272133,17.64715218238744,230.0
2026-01-01 00:04:12,3438.323992683625,17.256286214777887,230.0
2026-01-01 00:04:18,3456.052123775225,18.798528277138676,230.0
2026-01-01 00:04:24,3439.6713315331217,19.13853234462966,230.0
2026-01-01 00:04:30,3401.7463534744784,18.17107318453691,230.0
2026-01-01 00:04:36,3378.906067525315,18.4108902928244,230.0
2026-01-01 00:04:42,3337.9512925035124,18.257992912790193,230.0
2026-01-01 00:04:48,3415.4217353273166,17.397603637674514,230.0
2026-01-01 00:04:54,3396.4164408610595,18.887369249437835,230.0
2026-01-01 00:05:00,3386.6964167035444,16.8440165552037,230.0
2026-01-01 00:05:06,3427.011588379232,17.877216637774033,230.0
2026-01-01 00:05:12,2344.856783933663,12.266619140339001,230.0
2026-01-01 00:05:18,2298.6171143746496,12.329887626643524,230.0
2026-01-01 00:05:24,2345.1828381046507,12.851491835866879,230.0
2026-01-01 00:05:30,2299.783885103321,11.840960692715946,230.0
2026-01-01 00:05:36,2219.481072773347,11.513119508692728,230.0
2026-01-01 00:05:42,2306.850226345007,11.977453893862133,230.0
2026-01-01 00:05:48,2326.487354587767,12.246808040516278,230.0
2026-01-01 00:05:54,2377.341835349288,12.558535818409055,230.0
2026-01-01 00:06:00,2302.176125489961,11.691058105391923,230.0
2026-01-01 00:06:06,2309.708196043994,11.64147001925162,230.0
2026-01-01 00:06:12,2373.7710510524416,12.754645200150327,230.0
2026-01-01 00:06:18,2438.223926728768,12.1952650395666,230.0
2026-01-01 00:06:24,2372.2615195107464,12.610731394159377,230.0
2026-01-01 00:06:30,2379.870643407454,12.872076244805056,230.0
2026-01-01 00:06:36,2436.621888789212,13.111703712671265,230.0
2026-01-01 00:06:42,2358.636439774485,12.885974180760522,230.0
2026-01-01 00:06:48,2403.6067579226337,12.76012912641967,230.0
2026-01-01 00:06:54,2361.291509366544,12.44130814710824,230.0
2026-01-01 00:07:00,2341.951792483276,12.360506890788853,230.0
2026-01-01 00:07:06,2352.1985461746845,11.67322119880183,230.0
2026-01-01 00:07:12,2377.046382629983,12.289318117381884,230.0
2026-01-01 00:07:18,580.6654659293454,2.951236038225972,230.0
2026-01-01 00:07:24,570.142023257425,3.13708369478784,230.0
2026-01-01 00:07:30,581.3714022112624,3.2001939145456877,230.0
2026-01-01 00:07:36,583.7376272817909,3.005373427145075,230.0
2026-01-01 00:07:42,582.5505231470893,2.9573768586597904,230.0
2026-01-01 00:07:48,590.3767034566539,3.2079093595127124,230.0
2026-01-01 00:07:54,569.2182448530316,3.076614135702647,230.0
2026-01-01 00:08:00,710.7437373173691,3.9385014108988035,230.0
2026-01-01 00:08:06,702.7599038551954,3.681537973748994,230.0
2026-01-01 00:08:12,717.078143623385,3.5857509295100334,230.0
2026-01-01 00:08:18,705.66245407799,3.723163302307883,230.0
2026-01-01 00:08:24,691.670860588457,3.605095449708491,230.0
2026-01-01 00:08:30,689.2960357023776,3.5504651610674327,230.0
2026-01-01 00:08:36,689.5640199425966,3.4988158410251917,230.0
2026-01-01 00:08:42,716.1558576192269,3.727379667817538,230.0
2026-01-01 00:08:48,690.857593286751,3.7593405748175015,230.0
2026-01-01 00:08:54,691.2676136638727,3.701185546443883,230.0
2026-01-01 00:09:00,718.1259740383798,3.8097578570195965,230.0
2026-01-01 00:09:06,693.1075396902118,3.717172080742751,230.0
2026-01-01 00:09:12,707.3121777215099,3.603309152710565,230.0
2026-01-01 00:09:18,627.3165439227305,3.1068394649788087,230.0
2026-01-01 00:09:24,634.4323540665986,3.527294326580394,230.0
2026-01-01 00:09:30,621.3921702916518,3.1044766156441073,230.0
2026-01-01 00:09:36,650.4304681920642,3.3677007132887447,230.0
2026-01-01 00:09:42,177.8169605895053,0.900108283024766,230.0
2026-01-01 00:09:48,178.72302848720997,0.9652608160746887,230.0
2026-01-01 00:09:54,180.7849197260576,0.9932772616129051,230.0
2026-01-01 00:10:00,179.76919312333823,0.9479071047965749,230.0
2026-01-01 00:10:06,183.71251857207983,0.9734113136474077,230.0
2026-01-01 00:10:12,175.32868509355887,0.9173257848336434,230.0
2026-01-01 00:10:18,186.73498625066665,1.0222114424725763,230.0
2026-01-01 00:10:24,1277.405434911889,6.480511987672053,230.0
2026-01-01 00:10:30,1303.7523714465333,7.083108481061317,230.0
2026-01-01 00:10:36,1303.5862248115652,6.499919917282045,230.0
2026-01-01 00:10:42,1251.0352411582178,6.82677010102188,230.0
2026-01-01 00:10:48,1297.75406506523,7.118805706557687,230.0
2026-01-01 00:10:54,1313.3024825981283,6.709320466599509,230.0
2026-01-01 00:11:00,1299.7704264713673,7.037296704206701,230.0
2026-01-01 00:11:06,1265.1579629863304,6.800360047103867,230.0
2026-01-01 00:11:12,1257.4166868912023,6.542980384956637,230.0
2026-01-01 00:11:18,1262.7356368740006,6.904122653360162,230.0
2026-01-01 00:11:24,1294.5590857181064,7.041185060047179,230.0
2026-01-01 00:11:30,1267.7795056570442,6.965097915548752,230.0
2026-01-01 00:11:36,1312.3899602017784,6.893738027761867,230.0
2026-01-01 00:11:42,1309.2073335829712,6.52860697391644,230.0
2026-01-01 00:11:48,1273.9799846410222,6.426972609509739,230.0
2026-01-01 00:11:54,1298.055646292421,6.971400433114713,230.0
2026-01-01 00:12:00,1173.9816911866278,5.319418771512785,230.0
2026-01-01 00:12:06,1189.3560362539909,5.429485017789085,230.0
2026-01-01 00:12:12,1155.00322856785,5.1109078730990225,230.0
2026-01-01 00:12:18,1158.886049714976,5.140781476970003,230.0
2026-01-01 00:12:24,1246.6706674784612,5.582603958905959,230.0
2026-01-01 00:12:30,1212.0690498733884,5.327280384965587,230.0
2026-01-01 00:12:36,1233.7587634668273,5.569097331209113,230.0
2026-01-01 00:12:42,1228.9622725323388,5.600314733537603,230.0
2026-01-01 00:12:48,1228.620184786486,5.441371944927747,230.0
2026-01-01 00:12:54,1183.4793685549196,5.341181859704487,230.0
2026-01-01 00:13:00,1249.7639830663595,5.554841195447458,230.0
2026-01-01 00:13:06,1238.2607117349469,5.633335619050758,230.0
2026-01-01 00:13:12,1231.877429640699,5.501803550416266,230.0
2026-01-01 00:13:18,1262.708361302051,5.715514841255652,230.0
2026-01-01 00:13:24,1220.3217351616029,5.383176384299816,230.0
2026-01-01 00:13:30,1221.701566329581,5.46167346362989,230.0
2026-01-01 00:13:36,1228.7095402313453,5.535306099825597,230.0
2026-01-01 00:13:42,1247.079829954143,5.667570779222697,230.0
2026-01-01 00:13:48,1283.3723539297885,5.7591870443246025,230.0
2026-01-01 00:13:54,1230.9713487824918,5.51051126229344,230.0
2026-01-01 00:14:00,1194.5941422828805,5.433370323090606,230.0
2026-01-01 00:14:06,1249.9910821221963,5.4898395816217045,230.0
2026-01-01 00:14:12,1225.997777150546,5.603926362523179,230.0
2026-01-01 00:14:18,1247.4272194900732,5.486938721825339,230.0
2026-01-01 00:14:24,1223.1015764355625,5.389161459453636,230.0
2026-01-01 00:14:30,1286.8237903468264,5.884484369686438,230.0
2026-01-01 00:14:36,2962.152347371323,13.090437570299896,230.0
2026-01-01 00:14:42,2987.023764155376,13.645696395687528,230.0
2026-01-01 00:14:48,3024.82349655069,13.742335664405108,230.0
2026-01-01 00:14:54,3073.5328270811497,13.717479514876677,230.0
2026-01-01 00:15:00,3037.8072783330435,13.75484283146115,230.0
2026-01-01 00:15:06,3056.2967821140546,13.971983729417405,230.0
2026-01-01 00:15:12,3015.51972221041,13.41711594535006,230.0
2026-01-01 00:15:18,3002.944919795631,13.509744876310402,230.0
2026-01-01 00:15:24,3013.6958239137084,13.768953323203649,230.0
2026-01-01 00:15:30,3011.0374758154835,13.648263259133428,230.0
2026-01-01 00:15:36,1825.3531411281983,8.03770102877417,230.0
2026-01-01 00:15:42,1865.547107490844,8.523181223615476,230.0
2026-01-01 00:15:48,1874.9528023603905,8.355433425911713,230.0
2026-01-01 00:15:54,1895.802532143102,8.58424980009735,230.0
2026-01-01 00:16:00,1978.0546645972695,10.432090902223838,230.0
2026-01-01 00:16:06,1985.9874411453725,9.968823461948306,230.0
2026-01-01 00:16:12,1918.2049615035348,9.683189074698376,230.0
2026-01-01 00:16:18,2008.2341878545096,10.352793355994462,230.0
2026-01-01 00:16:24,2003.7035475217908,9.94131310775663,230.0
2026-01-01 00:16:30,1995.0409526362832,10.552791640975471,230.0
2026-01-01 00:16:36,1980.8945005703365,10.153393159929145,230.0
2026-01-01 00:16:42,1957.7656260333088,10.083166809767672,230.0
2026-01-01 00:16:48,1996.727648747627,10.176170565354049,230.0
2026-01-01 00:16:54,2013.775689579223,10.224623163920926,230.0
2026-01-01 00:17:00,1960.09398788493,10.097233144407337,230.0
2026-01-01 00:17:06,1967.5521804664672,10.573131460542685,230.0
2026-01-01 00:17:12,1953.264870577292,10.326245556721764,230.0
2026-01-01 00:17:18,1941.747719764026,9.939310678272683,230.0
2026-01-01 00:17:24,2016.018869355977,10.58147449134889,230.0
2026-01-01 00:17:30,1958.965410568156,10.570177873624678,230.0
2026-01-01 00:17:36,1928.2403431941652,10.302063204940271,230.0
2026-01-01 00:17:42,1957.269413899208,10.414017276962618,230.0
2026-01-01 00:17:48,1915.0714942016543,10.44347370099915,230.0
2026-01-01 00:17:54,1955.916495055839,10.7159157726657,230.0
2026-01-01 00:18:00,1997.5922339512624,10.678874299264569,230.0
2026-01-01 00:18:06,2010.0477276166405,10.83910811342672,230.0
2026-01-01 00:18:12,1962.953573199631,10.313400497127178,230.0
2026-01-01 00:18:18,2007.4912514936289,10.236801384515678,230.0
2026-01-01 00:18:24,2033.3142861930623,10.722878804130916,230.0
2026-01-01 00:18:30,2050.401777826928,10.209667210586629,230.0
2026-01-01 00:18:36,2026.2477801666869,10.849941245304137,230.0
2026-01-01 00:18:42,2041.6101789338427,10.112056302638958,230.0
2026-01-01 00:18:48,2082.218952164741,10.906495026751944,230.0
2026-01-01 00:18:54,2064.797738308504,10.454967821817709,230.0
2026-01-01 00:19:00,2103.605995810438,11.618837375975069,230.0
2026-01-01 00:19:06,2012.854697632258,11.037405653766255,230.0
2026-01-01 00:19:12,2030.4936880219605,10.074025714792194,230.0
2026-01-01 00:19:18,2065.0434168443894,10.737552290483325,230.0
2026-01-01 00:19:24,2567.712665888759,13.758981969404912,230.0
2026-01-01 00:19:30,2524.179555460309,14.019229983843687,230.0
2026-01-01 00:19:36,2495.731683430588,12.99707829508644,230.0
2026-01-01 00:19:42,2494.507763829536,13.23397968038024,230.0
2026-01-01 00:19:48,2568.0448733206317,12.86361128283175,230.0
2026-01-01 00:19:54,2536.8867953350464,13.362374220562248,230.0
2026-01-01 00:20:00,2402.112518733832,11.940643021488993,230.0
2026-01-01 00:20:06,2450.47509172883,13.275764869133921,230.0
2026-01-01 00:20:12,2345.9817083455696,12.408690183909538,230.0
2026-01-01 00:20:18,2389.3074695186287,11.899046225382563,230.0
2026-01-01 00:20:24,2351.160057905108,11.774136437674473,230.0
2026-01-01 00:20:30,2467.3733050770525,12.471532088902725,230.0
2026-01-01 00:20:36,2367.237644495896,13.11397121762755,230.0
2026-01-01 00:20:42,2373.3516607084657,13.12366210893677,230.0
2026-01-01 00:20:48,3483.739811909258,18.19465501771325,230.0
2026-01-01 00:20:54,3440.7246855145245,18.916342218974236,230.0
2026-01-01 00:21:00,3430.3609199105263,17.481064100936937,230.0
2026-01-01 00:21:06,3477.9013794903503,18.056840046762684,230.0
2026-01-01 00:21:12,3484.741954701537,17.70046916339348,230.0
2026-01-01 00:21:18,3441.382345169693,17.939806661403015,230.0
2026-01-01 00:21:24,3486.875518325951,17.92352133908937,230.0
2026-01-01 00:21:30,3461.034239569868,19.026425896733322,230.0
2026-01-01 00:21:36,3464.307516726558,18.12130333966083,230.0
2026-01-01 00:21:42,3441.724048083509,17.36005637014513,230.0
2026-01-01 00:21:48,3398.371487385296,16.957571322622215,230.0
2026-01-01 00:21:54,1567.0743064836229,8.6933379536741,230.0
2026-01-01 00:22:00,1605.2195435148496,8.600446130741961,230.0
2026-01-01 00:22:06,1591.338119672119,8.765636668756017,230.0
2026-01-01 00:22:12,1630.6284298931268,8.143481985642241,230.0
2026-01-01 00:22:18,1647.3579675047429,8.194721755195607,230.0
2026-01-01 00:22:24,1609.6775254956556,8.87761793868069,230.0
2026-01-01 00:22:30,1601.7578525684248,8.076325503013353,230.0
2026-01-01 00:22:36,1639.6527327845818,8.672492495632076,230.0
2026-01-01 00:22:42,1635.3257487597311,9.005689278874835,230.0
2026-01-01 00:22:48,1606.658523062777,8.047850493642828,230.0
2026-01-01 00:22:54,1625.1554589252953,8.094690062001774,230.0
2026-01-01 00:23:00,1618.1903363524546,8.415761992280718,230.0
2026-01-01 00:23:06,1599.782273149517,8.334425043812749,230.0
2026-01-01 00:23:12,1605.032762848521,8.378452386286604,230.0
2026-01-01 00:23:18,1586.2201809081805,8.739828647166807,230.0
2026-01-01 00:23:24,1555.6841544672486,7.999717254714572,230.0
2026-01-01 00:23:30,1607.4530513531777,8.801761173177567,230.0
2026-01-01 00:23:36,1628.5084340083686,8.187149409916373,230.0
2026-01-01 00:23:42,1637.9568618540663,8.325236058637651,230.0
2026-01-01 00:23:48,1608.575146421162,8.64053804676173,230.0
2026-01-01 00:23:54,1645.2966399538273,8.998851097825975,230.0
2026-01-01 00:24:00,1745.3444046712254,8.878172316119295,230.0
2026-01-01 00:24:06,1731.1395557077135,8.858367797588803,230.0
2026-01-01 00:24:12,1704.2752288168408,9.067634588981901,230.0
2026-01-01 00:24:18,1705.5476020022256,8.878291560202,230.0
2026-01-01 00:24:24,1744.533443738333,8.755789371318683,230.0
2026-01-01 00:24:30,1759.4671733076923,8.88332619298045,230.0
2026-01-01 00:24:36,1703.4143474087523,9.096241766174579,230.0
2026-01-01 00:24:42,1739.9706984721686,8.712957969751203,230.0
2026-01-01 00:24:48,1843.0635021009743,9.979646080199544,230.0
2026-01-01 00:24:54,1770.8062480538915,8.988561256355844,230.0
2026-01-01 00:25:00,1799.6547055354729,9.422991934941212,230.0
2026-01-01 00:25:06,1804.6919485434628,9.606558756975637,230.0
2026-01-01 00:25:12,1776.5092636628074,9.787932573858138,230.0
2026-01-01 00:25:18,1814.727503818352,9.614308389493386,230.0
2026-01-01 00:25:24,1794.991758761051,9.286546765911542,230.0
2026-01-01 00:25:30,1809.3972190615468,9.458932340166095,230.0
2026-01-01 00:25:36,1769.9076206204236,9.426055069846,230.0
2026-01-01 00:25:42,1799.4552485132767,9.997131354200022,230.0
2026-01-01 00:25:48,1781.0897665758132,9.19070148959702,230.0
2026-01-01 00:25:54,1792.0155372445251,9.034007931477007,230.0
2026-01-01 00:26:00,693.3820534869292,3.792881428613871,230.0
2026-01-01 00:26:06,700.9508906465248,3.6128378857850505,230.0
2026-01-01 00:26:12,713.1137802421808,3.9509929492825493,230.0
2026-01-01 00:26:18,727.4731308514558,3.721679409214146,230.0
2026-01-01 00:26:24,718.5182379354073,3.6188127556933964,230.0
2026-01-01 00:26:30,699.6324930243902,3.7665421605458334,230.0
2026-01-01 00:26:36,693.3502669570782,3.6656232301737135,230.0
2026-01-01 00:26:42,699.7302606858784,3.60024006426103,230.0
2026-01-01 00:26:48,685.2149822111146,3.7490018954308164,230.0
2026-01-01 00:26:54,694.7258663306683,3.5998246862933483,230.0
2026-01-01 00:27:00,696.4675006420678,3.8598430256384693,230.0
2026-01-01 00:27:06,708.7940425371507,3.855969302900573,230.0
2026-01-01 00:27:12,694.7182678940466,3.695518988725509,230.0
2026-01-01 00:27:18,687.2773183152015,3.7804621578581403,230.0
2026-01-01 00:27:24,700.2473764135963,3.7654767908903475,230.0
2026-01-01 00:27:30,697.2992457172024,3.7961373013602353,230.0
2026-01-01 00:27:36,695.7074535520542,3.638543658779986,230.0
2026-01-01 00:27:42,718.1957123753867,3.823976344710829,230.0
2026-01-01 00:27:48,704.8487837225266,3.798530848553354,230.0
2026-01-01 00:27:54,639.1200044215445,3.3263059607465015,230.0
2026-01-01 00:28:00,500.0967706645182,2.7230575219220303,230.0
2026-01-01 00:28:06,511.7267249039873,2.5327305239895233,230.0
2026-01-01 00:28:12,520.7144814631537,2.8010629616828098,230.0
2026-01-01 00:28:18,528.1679801862008,2.634304479471811,230.0
2026-01-01 00:28:24,531.5886504318605,2.744657879071715,230.0
2026-01-01 00:28:30,511.4293319395232,2.7413250395559716,230.0
2026-01-01 00:28:36,510.800164205618,2.5865846592855952,230.0
2026-01-01 00:28:42,492.8233638249786,2.591714411441642,230.0
2026-01-01 00:28:48,509.86082050911534,2.6536542613222847,230.0
2026-01-01 00:28:54,511.38305666048416,2.759718321329939,230.0
2026-01-01 00:29:00,502.4255862452321,2.760566609624911,230.0
2026-01-01 00:29:06,56.85732085491801,0.2523033513891413,230.0
2026-01-01 00:29:12,1913.63718454754,8.692733187036824,230.0
2026-01-01 00:29:18,1913.9829299036005,8.7188151585457,230.0
2026-01-01 00:29:24,1834.013581667688,8.073817762558441,230.0
2026-01-01 00:29:30,1901.5908593387044,8.628405083417935,230.0
2026-01-01 00:29:36,1832.7457919862445,8.316427789385626,230.0
2026-01-01 00:29:42,1837.5354272444893,8.207169501002697,230.0
2026-01-01 00:29:48,1895.3123459393232,8.646622370999557,230.0
2026-01-01 00:29:54,1798.499007875302,7.981347282900619,230.0
2026-01-01 00:30:00,1859.6901879780405,8.197940617503475,230.0
2026-01-01 00:30:06,1864.84861822341,8.200512672404052,230.0
2026-01-01 00:30:12,1821.0561075182263,8.025644770525618,230.0
2026-01-01 00:30:18,1862.9093656665884,8.41272531521583,230.0
2026-01-01 00:30:24,1893.02228958366,8.317506588837462,230.0
2026-01-01 00:30:30,1818.65579094241,8.151224386870801,230.0
2026-01-01 00:30:36,1910.4665148360432,8.713711413859626,230.0
2026-01-01 00:30:42,1853.960105210455,8.301902909500358,230.0
2026-01-01 00:30:48,1829.3902771385467,8.286774604708025,230.0
2026-01-01 00:30:54,1900.6094375175287,8.655759699688517,230.0
2026-01-01 00:31:00,1976.5828051591404,8.735909997541288,230.0
2026-01-01 00:31:06,1956.8011061226568,8.66691251194165,230.0
2026-01-01 00:31:12,3052.6174537639213,13.597256172064851,230.0
2026-01-01 00:31:18,3020.051636943609,13.565460087865418,230.0
2026-01-01 00:31:24,3041.8036025870983,13.51986083105515,230.0
2026-01-01 00:31:30,3073.417918551814,13.540029298927823,230.0
2026-01-01 00:31:36,3030.893491624536,13.793780047963125,230.0
2026-01-01 00:31:42,3065.749775329009,13.591544310507976,230.0
2026-01-01 00:31:48,3047.600255472751,13.849278101172336,230.0
2026-01-01 00:31:54,3075.8615167582907,13.661495217283022,230.0
2026-01-01 00:32:00,3115.3530875667075,16.867650635063555,230.0
2026-01-01 00:32:06,3095.276665556305,15.9702735491713,230.0
2026-01-01 00:32:12,3212.935287725237,16.218723116736466,230.0
2026-01-01 00:32:18,3153.326109448326,17.3501377310602,230.0
2026-01-01 00:32:24,3092.6211596374837,16.084985442918736,230.0
2026-01-01 00:32:30,3132.817430437388,15.508694006541129,230.0
2026-01-01 00:32:36,3174.61118788724,17.674096293153173,230.0
2026-01-01 00:32:42,3239.455289585017,17.315762994119673,230.0
2026-01-01 00:32:48,3121.402790764739,17.220999002541422,230.0
2026-01-01 00:32:54,3148.518156944432,16.276001506717925,230.0
2026-01-01 00:33:00,3095.2523679372507,16.13154721094527,230.0
2026-01-01 00:33:06,3070.838199821266,16.93980349478449,230.0
2026-01-01 00:33:12,3242.3761300208525,16.479788488047344,230.0
2026-01-01 00:33:18,3155.0520899668877,15.638004832840608,230.0
2026-01-01 00:33:24,3150.576407876902,17.517021428386972,230.0
2026-01-01 00:33:30,3080.5395986629755,17.124389084493696,230.0
2026-01-01 00:33:36,3198.8141556870587,16.921151198334275,230.0
2026-01-01 00:33:42,3132.4058260516813,16.802455972049152,230.0
2026-01-01 00:33:48,3149.0994637597946,16.208084634471643,230.0
2026-01-01 00:33:54,3131.705074926253,17.30678266570932,230.0
2026-01-01 00:34:00,3164.4732918814616,17.534056175533788,230.0
2026-01-01 00:34:06,3098.708894477997,16.797250020685137,230.0
2026-01-01 00:34:12,3051.147517862329,15.900150060952699,230.0
2026-01-01 00:34:18,3160.7570172659653,16.777122552081565,230.0
2026-01-01 00:34:24,3092.1503266844697,17.119574579479366,230.0
2026-01-01 00:34:30,3115.592299908927,16.082442187894355,230.0
2026-01-01 00:34:36,3011.823018912233,15.019553791014964,230.0
2026-01-01 00:34:42,3096.323871717892,16.667307060733343,230.0
2026-01-01 00:34:48,3087.9879078825525,16.88985979905194,230.0
2026-01-01 00:34:54,3041.093991077739,15.178631434026551,230.0
2026-01-01 00:35:00,3036.7323782981034,15.79140178930393,230.0
2026-01-01 00:35:06,3043.930639092757,15.934000915474442,230.0
2026-01-01 00:35:12,3098.531019933974,16.086863472361586,230.0
2026-01-01 00:35:18,3158.8017951812544,15.850178284398877,230.0
2026-01-01 00:35:24,3144.805860519075,15.770789058902345,230.0
2026-01-01 00:35:30,3047.809647488466,15.804482075142511,230.0
2026-01-01 00:35:36,3030.9692644377183,15.581917891535193,230.0
2026-01-01 00:35:42,3087.633932273217,17.04244856363293,230.0
2026-01-01 00:35:48,3164.429076935592,15.805704213468804,230.0
2026-01-01 00:35:54,3112.2855750791123,16.755220697100945,230.0
2026-01-01 00:36:00,2922.9518220451346,12.970816280411299,230.0
2026-01-01 00:36:06,2907.4701273446926,12.800801616819669,230.0
2026-01-01 00:36:12,2983.2346802937127,13.179687544991323,230.0
2026-01-01 00:36:18,3006.0451886736387,13.231856465458934,230.0
2026-01-01 00:36:24,1877.839978722861,8.58802668278877,230.0
2026-01-01 00:36:30,58.3051971691016,0.26599612623114627,230.0
2026-01-01 00:36:36,66.36625466501175,0.29575824736845396,230.0
2026-01-01 00:36:42,52.69186325644024,0.238730473374943,230.0
2026-01-01 00:36:48,65.43117888913113,0.2915984227579907,230.0
2026-01-01 00:36:54,58.14886384618305,0.2564792646332152,230.0
2026-01-01 00:37:00,51.0627078315372,0.2319831717118741,230.0
2026-01-01 00:37:06,62.800693636727225,0.28026745067587466,230.0
2026-01-01 00:37:12,138.18343051560754,0.6151258985237636,230.0
2026-01-01 00:37:18,132.4990752981373,0.5827886674240708,230.0
2026-01-01 00:37:24,131.40786484800617,0.5850308955127705,230.0
2026-01-01 00:37:30,141.0366020899753,0.620328241841975,230.0
2026-01-01 00:37:36,134.19924228206972,0.6039204212147863,230.0
2026-01-01 00:37:42,139.2735166321545,0.6289423853750742,230.0
2026-01-01 00:37:48,128.53010246519187,0.5726574324642915,230.0
2026-01-01 00:37:54,147.6318037826618,0.6552961536997683,230.0
2026-01-01 00:38:00,125.5642188283634,0.5712943457478639,230.0
2026-01-01 00:38:06,135.8677466746611,0.6020224559917126,230.0
2026-01-01 00:38:12,127.67257925258178,0.576356356309809,230.0
2026-01-01 00:38:18,135.63866010773506,0.6165752375793356,230.0
2026-01-01 00:38:24,135.95691066700545,0.6158744131530587,230.0
2026-01-01 00:38:30,129.63166585700094,0.5895925174365831,230.0
2026-01-01 00:38:36,135.62484483770874,0.6089457676642136,230.0
2026-01-01 00:38:42,134.347995218242,0.6019724359985364,230.0
2026-01-01 00:38:48,599.191316268502,3.08951416452881,230.0
2026-01-01 00:38:54,569.0275816113376,2.8559941073859942,230.0
2026-01-01 00:39:00,580.9361613556185,2.945350203003075,230.0
2026-01-01 00:39:06,591.9141143869822,3.050441510288072,230.0
2026-01-01 00:39:12,604.5730154316352,3.2170876086934967,230.0
2026-01-01 00:39:18,583.609739187179,3.1869771527055,230.0
2026-01-01 00:39:24,589.6474031642988,3.0942203349095596,230.0
2026-01-01 00:39:30,575.4908793211943,2.866511249391679,230.0
2026-01-01 00:39:36,582.1103177779239,3.188538153493248,230.0
2026-01-01 00:39:42,575.7794448057007,3.105265053889191,230.0
2026-01-01 00:39:48,580.4779125331798,3.086056486750067,230.0
2026-01-01 00:39:54,582.6508455693788,2.9864976349915615,230.0
2026-01-01 00:40:00,714.2682884152084,3.622869241252974,230.0
2026-01-01 00:40:06,706.5167895311688,3.6246560079862014,230.0
2026-01-01 00:40:12,707.3813600916375,3.715358770893031,230.0
2026-01-01 00:40:18,629.0894263070152,3.32101639167487,230.0
2026-01-01 00:40:24,626.3298211596451,3.176887985454301,230.0
2026-01-01 00:40:30,625.4818675530082,3.4204384070565843,230.0
2026-01-01 00:40:36,631.4137236237418,3.1830480007263895,230.0
2026-01-01 00:40:42,631.8962397505163,3.1465519765953296,230.0
2026-01-01 00:40:48,634.5659893446044,3.510389300868275,230.0
2026-01-01 00:40:54,631.3263385769718,3.1513023979962975,230.0
2026-01-01 00:41:00,620.8128417952571,3.34357700533291,230.0
2026-01-01 00:41:06,639.8892655154359,3.2066373539592816,230.0
2026-01-01 00:41:12,627.2198686540438,3.3435400909506985,230.0
2026-01-01 00:41:18,615.3190478964793,3.2734355063278446,230.0
2026-01-01 00:41:24,624.2706265050626,3.246424173613278,230.0
2026-01-01 00:41:30,626.786198830403,3.281520638720371,230.0
2026-01-01 00:41:36,1726.2974743589457,8.540405148334017,230.0
2026-01-01 00:41:42,1705.9277130633468,8.525476930163027,230.0
2026-01-01 00:41:48,1696.0884208585176,9.386071284134474,230.0
2026-01-01 00:41:54,1737.0656710232695,8.60126638747618,230.0
2026-01-01 00:42:00,1752.0999277265173,8.95442085510325,230.0
2026-01-01 00:42:06,1722.5128618697595,8.68995385869985,230.0
2026-01-01 00:42:12,1730.5237317933083,8.82409352523289,230.0
2026-01-01 00:42:18,1714.254716244549,8.631302646138888,230.0
2026-01-01 00:42:24,1720.6921855931523,8.731302262045807,230.0
2026-01-01 00:42:30,1739.191757149759,8.752345792288624,230.0
2026-01-01 00:42:36,1736.5286010672403,9.35137362917787,230.0
2026-01-01 00:42:42,1717.0888526195386,9.46938392535823,230.0
2026-01-01 00:42:48,1713.9334855937925,9.397750862572208,230.0
2026-01-01 00:42:54,1716.3530168658033,8.87889676122672,230.0
2026-01-01 00:43:00,1745.6657087125425,8.830372436369196,230.0
2026-01-01 00:43:06,1699.8373889577924,8.544450105116296,230.0
2026-01-01 00:43:12,1695.16337135538,8.801228241430012,230.0
2026-01-01 00:43:18,1726.6473698466204,9.142118779151723,230.0
2026-01-01 00:43:24,1796.3554339387856,8.988435938719139,230.0
2026-01-01 00:43:30,1784.849398960033,8.99411429136527,230.0
2026-01-01 00:43:36,1801.032507571375,9.000695393202339,230.0
2026-01-01 00:43:42,1835.9605483478397,9.680319347775816,230.0
2026-01-01 00:43:48,3605.317522996623,18.27936609499644,230.0
2026-01-01 00:43:54,3623.846795434055,18.349744497775557,230.0
2026-01-01 00:44:00,3443.4862890617846,18.385117582969237,230.0
2026-01-01 00:44:06,3467.2381748881,18.73701000407436,230.0
2026-01-01 00:44:12,3359.2621171607143,17.471133505311208,230.0
2026-01-01 00:44:18,3503.2825999052784,17.50778629959946,230.0
2026-01-01 00:44:24,3552.5325136184056,17.879548325429855,230.0
2026-01-01 00:44:30,3511.764196197528,17.36739912946981,230.0
2026-01-01 00:44:36,3426.8442134024217,17.370127812380645,230.0
2026-01-01 00:44:42,3502.657900683371,18.831232608501395,230.0
2026-01-01 00:44:48,3505.688047590548,17.90769515325619,230.0
2026-01-01 00:44:54,3457.951330199613,19.217517990520875,230.0
2026-01-01 00:45:00,3414.500781453519,18.102074066695078,230.0
2026-01-01 00:45:06,3470.0556582228905,18.83937547202873,230.0
2026-01-01 00:45:12,3457.2563324249863,17.921683070118103,230.0
2026-01-01 00:45:18,3419.1807559535305,18.591574437850177,230.0
2026-01-01 00:45:24,3444.916736818556,17.73382120331656,230.0
2026-01-01 00:45:30,3457.314031136078,18.71373912561077,230.0
2026-01-01 00:45:36,3510.661911591661,18.270886854230906,230.0
2026-01-01 00:45:42,3498.8160583324566,18.92563962777435,230.0
2026-01-01 00:45:48,3468.157484849178,19.11148349385159,230.0
2026-01-01 00:45:54,3515.4277113693947,19.08339063840812,230.0
2026-01-01 00:46:00,3549.391386990309,19.065404563407977,230.0
2026-01-01 00:46:06,3503.610106881864,17.464226428507992,230.0
2026-01-01 00:46:12,3470.9312597744724,17.661257404783047,230.0
2026-01-01 00:46:18,3456.3858458816258,18.199424443065706,230.0
2026-01-01 00:46:24,3472.528894850387,19.267793779059105,230.0
2026-01-01 00:46:30,3486.4759323472526,18.8116087078312,230.0
2026-01-01 00:46:36,3435.5052374559464,18.36486507121199,230.0
2026-01-01 00:46:42,3386.63627432515,18.09231247323577,230.0
2026-01-01 00:46:48,2269.427854036241,12.558337965700563,230.0
2026-01-01 00:46:54,2325.4817510274625,11.670770856494427,230.0
2026-01-01 00:47:00,2298.512696456113,12.719604942044475,230.0
2026-01-01 00:47:06,2290.3968377030533,11.499126901696153,230.0
2026-01-01 00:47:12,2333.493264421701,12.844223572137452,230.0
2026-01-01 00:47:18,2344.941635737726,12.41510713181039,230.0
2026-01-01 00:47:24,2320.0300023644454,12.356968973885708,230.0
2026-01-01 00:47:30,2305.3838725908627,11.651011293205494,230.0
2026-01-01 00:47:36,2292.3989157672445,11.757525508120755,230.0
2026-01-01 00:47:42,2324.747035041679,12.24643699353685,230.0
2026-01-01 00:47:48,2287.7766974828446,11.741887793320059,230.0
2026-01-01 00:47:54,2328.473815753618,12.080466404178354,230.0
2026-01-01 00:48:00,2448.362666312289,12.846651302760575,230.0
2026-01-01 00:48:06,2404.147492797117,12.595245161210503,230.0
2026-01-01 00:48:12,2460.830848354315,13.556134385111775,230.0
2026-01-01 00:48:18,2412.127983325732,12.036936355532152,230.0
2026-01-01 00:48:24,2443.185410177097,13.586358776474924,230.0
2026-01-01 00:48:30,2006.565047924958,9.98513784194604,230.0
2026-01-01 00:48:36,2032.6449827267836,10.475834004809823,230.0
2026-01-01 00:48:42,1995.54002483795,10.639976874504267,230.0
2026-01-01 00:48:48,2038.419580270152,10.316914264624003,230.0
2026-01-01 00:48:54,2001.1348244524704,10.778433517688347,230.0
2026-01-01 00:49:00,2027.467944697136,10.568283351324187,230.0
2026-01-01 00:49:06,2003.503402965866,9.95487260748429,230.0
2026-01-01 00:49:12,2022.957322991096,10.35015362067376,230.0
2026-01-01 00:49:18,1943.4593645991488,10.580985510785277,230.0
2026-01-01 00:49:24,1999.809239606406,10.275672512762299,230.0
2026-01-01 00:49:30,2031.880614588079,10.765079719114219,230.0
2026-01-01 00:49:36,2106.227035552853,11.096773762472452,230.0
2026-01-01 00:49:42,2071.75782996419,10.567553436505246,230.0
2026-01-01 00:49:48,2089.774035150142,10.652942939589972,230.0
2026-01-01 00:49:54,2021.234050720596,10.946490580247163,230.0
2026-01-01 00:50:00,2089.4084308613383,10.488078964416317,230.0
2026-01-01 00:50:06,2006.0333338129392,11.014684803286318,230.0
2026-01-01 00:50:12,2047.3918599081735,10.990472575455978,230.0
2026-01-01 00:50:18,1999.2085283459835,11.001282596258141,230.0
2026-01-01 00:50:24,2000.6987694944755,10.836910952305916,230.0
2026-01-01 00:50:30,2076.4111410473533,10.622478527153365,230.0
2026-01-01 00:50:36,2044.4091021565243,10.31008868040715,230.0
2026-01-01 00:50:42,2016.089794686685,10.786057507714116,230.0
2026-01-01 00:50:48,2044.5349756872445,10.553735822739945,230.0
2026-01-01 00:50:54,2048.4620510043,11.194901514899264,230.0
2026-01-01 00:51:00,2043.3762339583025,11.178853528508517,230.0
2026-01-01 00:51:06,257.9729646959439,1.3869098579439971,230.0
2026-01-01 00:51:12,253.49995254819925,1.344599659146283,230.0
2026-01-01 00:51:18,259.3230634209775,1.367774871295016,230.0
2026-01-01 00:51:24,254.76479477791048,1.2756681604194462,230.0
2026-01-01 00:51:30,252.4903918795204,1.2676298529025845,230.0
2026-01-01 00:51:36,255.7558108160016,1.3136619709540376,230.0
2026-01-01 00:51:42,251.6529824386701,1.3963246425083657,230.0
2026-01-01 00:51:48,261.6902670330732,1.3449607702784978,230.0
2026-01-01 00:51:54,249.37027839110303,1.310456757691679,230.0
2026-01-01 00:52:00,1226.049764385578,5.579428324663778,230.0
2026-01-01 00:52:06,1251.682419226517,5.67445127675161,230.0
2026-01-01 00:52:12,1261.0283445033358,5.628378927727212,230.0
2026-01-01 00:52:18,1219.9083582726057,5.406452807326016,230.0
2026-01-01 00:52:24,1218.5887264852029,5.454448017703375,230.0
2026-01-01 00:52:30,1264.5481033867388,5.672801710681217,230.0
2026-01-01 00:52:36,1207.5164260906863,5.43643217675294,230.0
2026-01-01 00:52:42,1171.2651079079185,5.2283355743564455,230.0
2026-01-01 00:52:48,1183.0513294148025,5.40619307390682,230.0
2026-01-01 00:52:54,1183.4100324097042,5.28435189946304,230.0
2026-01-01 00:53:00,1145.3688700447974,5.0528235860624315,230.0
2026-01-01 00:53:06,1174.395612088245,5.367537454978153,230.0
2026-01-01 00:53:12,1205.604751528767,5.463833060383588,230.0
2026-01-01 00:53:18,1169.4215596941017,5.305335658392187,230.0
2026-01-01 00:53:24,1190.7578796611824,5.416864114071235,230.0
2026-01-01 00:53:30,1180.8208169675725,5.38201929008121,230.0
2026-01-01 00:53:36,1146.6331349046964,5.22993967573142,230.0
2026-01-01 00:53:42,1162.2404152836575,5.105914599979036,230.0
2026-01-01 00:53:48,1156.3391760771565,5.2452661967658365,230.0
2026-01-01 00:53:54,1159.611532487494,5.106582230599878,230.0
2026-01-01 00:54:00,1148.3512416326848,5.214407811384423,230.0
2026-01-01 00:54:06,1153.841870095539,5.279384489601519,230.0
2026-01-01 00:54:12,1146.9456154087866,5.058243731679037,230.0
2026-01-01 00:54:18,1215.5768550926966,5.457440461019661,230.0
2026-01-01 00:54:24,1173.7029202457743,5.302299995713736,230.0
2026-01-01 00:54:30,1161.696682306801,5.107109008620219,230.0
2026-01-01 00:54:36,1156.5728607363187,5.120463563037126,230.0
2026-01-01 00:54:42,1160.1815182024886,5.098150519031405,230.0
2026-01-01 00:54:48,1162.2983868029987,5.178897365492026,230.0
2026-01-01 00:54:54,1188.3044125680997,5.234088155809442,230.0
2026-01-01 00:55:00,1166.5239078108216,5.186644880846573,230.0
2026-01-01 00:55:06,1173.648310197906,5.252113002759222,230.0
2026-01-01 00:55:12,1158.834340251373,5.153417729918983,230.0
2026-01-01 00:55:18,1175.6818692632005,5.3350895408947,230.0
2026-01-01 00:55:24,1141.5462366975887,5.151132728731602,230.0
2026-01-01 00:55:30,1126.122497170222,4.948433923347258,230.0
2026-01-01 00:55:36,1140.1488373318823,5.1223278824362435,230.0
2026-01-01 00:55:42,1155.1340717625903,5.0860944122055285,230.0
2026-01-01 00:55:48,1232.345138339396,5.48649634447829,230.0
2026-01-01 00:55:54,1214.679914360225,5.4056432661831435,230.0
2026-01-01 00:56:00,1360.286520950037,7.11540809941898,230.0
2026-01-01 00:56:06,1376.2075332250258,7.292978299893184,230.0
2026-01-01 00:56:12,1355.9914984888671,7.014310203583594,230.0
2026-01-01 00:56:18,1378.4538991752006,7.1906400654703155,230.0
2026-01-01 00:56:24,1383.1998704913972,7.678589295211468,230.0
2026-01-01 00:56:30,1342.982545087271,6.79367483749292,230.0
2026-01-01 00:56:36,1345.490421611076,6.975426077690176,230.0
2026-01-01 00:56:42,1331.6590289849478,7.0623860943316386,230.0
2026-01-01 00:56:48,1367.4376907552164,7.312070546325205,230.0
2026-01-01 00:56:54,1365.6615227414447,7.415341541941475,230.0
2026-01-01 00:57:00,1311.6259427699222,7.172322543098472,230.0
2026-01-01 00:57:06,1344.062567814694,6.871015699787746,230.0
2026-01-01 00:57:12,260.86663233244224,1.4345776704163486,230.0
2026-01-01 00:57:18,258.8921800458379,1.2808425070462348,230.0
2026-01-01 00:57:24,257.6709413376317,1.3252795598429479,230.0
2026-01-01 00:57:30,254.5102620649413,1.3633492958055238,230.0
2026-01-01 00:57:36,257.4792463693867,1.3468490326334097,230.0
2026-01-01 00:57:42,262.03818841694346,1.319038560349965,230.0
2026-01-01 00:57:48,253.76220011327317,1.4127247324272143,230.0
2026-01-01 00:57:54,263.42104831472216,1.3132058724707725,230.0
2026-01-01 00:58:00,250.3612175846397,1.293952477982027,230.0
2026-01-01 00:58:06,245.9058892640005,1.254168232388398,230.0
2026-01-01 00:58:12,709.0183624411686,3.6794517936753532,230.0
2026-01-01 00:58:18,706.5088314064603,3.9274458730200195,230.0
2026-01-01 00:58:24,2462.7308776769805,12.598727419056795,230.0
2026-01-01 00:58:30,2416.135498484708,12.418882723024227,230.0
2026-01-01 00:58:36,2517.9233878924983,13.833640032754305,230.0
2026-01-01 00:58:42,2509.7678297956627,12.972439142236446,230.0
2026-01-01 00:58:48,2540.309503663219,12.910903046940694,230.0
2026-01-01 00:58:54,2420.836161832573,12.825413474675516,230.0
2026-01-01 00:59:00,2360.5572580310404,11.875259186952611,230.0
2026-01-01 00:59:06,2391.7047286208985,12.617025987434442,230.0
2026-01-01 00:59:12,2382.538727382193,12.78909754709605,230.0
2026-01-01 00:59:18,2449.651160328588,13.229578822403319,230.0
2026-01-01 00:59:24,2394.653327441783,13.332615214663043,230.0
2026-01-01 00:59:30,2376.35069528332,12.796283515914196,230.0
2026-01-01 00:59:36,2497.4816793753143,13.887743024648136,230.0
2026-01-01 00:59:42,2412.978410278294,12.066099597084815,230.0
2026-01-01 00:59:48,2368.9506872059974,12.381615323428333,230.0
2026-01-01 00:59:54,2406.8666908622945,12.192679107082727,230.0
2026-01-01 01:00:00,2331.222233695604,11.644964834588462,230.0
2026-01-01 01:00:06,2323.6453963077083,12.921122913945844,230.0
2026-01-01 01:00:12,2379.4724919448395,13.1614571075147,230.0
2026-01-01 01:00:18,2318.65064744887,11.668498393821794,230.0
2026-01-01 01:00:24,2285.7375933359262,12.361232454544826,230.0
2026-01-01 01:00:30,2285.5616261093314,11.404207214700282,230.0
2026-01-01 01:00:36,2266.4255599852863,12.185976462840095,230.0
2026-01-01 01:00:42,2335.177232589738,11.962000273290847,230.0
2026-01-01 01:00:48,2306.0807092628947,12.735526099892839,230.0
2026-01-01 01:00:54,2253.41790863044,11.685628109163462,230.0
2026-01-01 01:01:00,2335.971797844129,11.74281255050164,230.0
2026-01-01 01:01:06,2290.498259087252,12.48245123164264,230.0
2026-01-01 01:01:12,2319.338252476898,12.033797598731008,230.0
2026-01-01 01:01:18,2345.124385456842,11.705333224713849,230.0
2026-01-01 01:01:24,2268.0448190000347,11.945967347357934,230.0
2026-01-01 01:01:30,2275.0940168639145,11.699522925641396,230.0
2026-01-01 01:01:36,2329.4250535692863,12.144194690836642,230.0
2026-01-01 01:01:42,2331.3052069539817,12.267226292709323,230.0
2026-01-01 01:01:48,2322.3540633898683,11.678610804827027,230.0
2026-01-01 01:01:54,2268.992213533742,11.680874282887892,230.0
2026-01-01 01:02:00,2369.272245031986,12.534021063311542,230.0
2026-01-01 01:02:06,2371.6912103459435,12.770573430024335,230.0
2026-01-01 01:02:12,2413.010929171901,12.181325347376177,230.0
2026-01-01 01:02:18,2379.367545319993,12.723212503843545,230.0
2026-01-01 01:02:24,3464.584931017803,17.742986305873004,230.0
2026-01-01 01:02:30,3475.899031101794,18.17141501337017,230.0
2026-01-01 01:02:36,3528.644117059428,19.590134641104797,230.0
2026-01-01 01:02:42,3460.4777163744257,18.373187461506202,230.0
2026-01-01 01:02:48,3413.10686500964,17.32750474933347,230.0
2026-01-01 01:02:54,3541.594788650621,18.122288094946406,230.0
2026-01-01 01:03:00,3541.973036094057,17.563022382145746,230.0
2026-01-01 01:03:06,3536.870031260567,17.730873939658338,230.0
2026-01-01 01:03:12,3552.9630709254634,18.120381590756736,230.0
2026-01-01 01:03:18,3531.073632987152,19.334097477016197,230.0
2026-01-01 01:03:24,3537.404225266321,18.71784325820798,230.0
2026-01-01 01:03:30,3440.364404564364,18.817649693621558,230.0
2026-01-01 01:03:36,3498.832868015532,19.36302604668781,230.0
2026-01-01 01:03:42,3553.304921710956,19.25100362112975,230.0
2026-01-01 01:03:48,3551.7637726767143,17.914556778849402,230.0
2026-01-01 01:03:54,3515.10890129464,18.743987859104195,230.0
2026-01-01 01:04:00,3631.487454997021,17.99417341254598,230.0
2026-01-01 01:04:06,3559.861720312951,19.743589754217407,230.0
2026-01-01 01:04:12,3566.487331712827,17.995373809868493,230.0
2026-01-01 01:04:18,3661.998376592487,20.1327057502729,230.0
2026-01-01 01:04:24,3617.847708832449,20.129779083480827,230.0
2026-01-01 01:04:30,3606.658663059948,19.46078490857209,230.0
2026-01-01 01:04:36,3568.950888167111,19.873117819639102,230.0
2026-01-01 01:04:42,3541.9816083358733,18.100791962836684,230.0
2026-01-01 01:04:48,3583.9819820499174,19.228537793447632,230.0
2026-01-01 01:04:54,3618.325172587722,18.50651135899758,230.0
2026-01-01 01:05:00,3594.263618231228,18.56411868424848,230.0
2026-01-01 01:05:06,3504.234230288551,18.99740369451855,230.0
2026-01-01 01:05:12,3577.349787201836,17.93947796225471,230.0
2026-01-01 01:05:18,3529.959608337635,19.14216219718693,230.0
2026-01-01 01:05:24,3480.8280939007886,18.10205717519072,230.0
2026-01-01 01:05:30,3537.600375316836,19.152414655244936,230.0
2026-01-01 01:05:36,3476.282760456878,17.600362037571454,230.0
2026-01-01 01:05:42,1709.0418899951885,9.484458888513084,230.0
2026-01-01 01:05:48,1791.5185941871352,9.3780674309907,230.0
2026-01-01 01:05:54,1714.403136719266,8.517668452314723,230.0
2026-01-01 01:06:00,1770.5323241748274,9.659136656952183,230.0
2026-01-01 01:06:06,1684.2390724895236,8.712150592492423,230.0
2026-01-01 01:06:12,1701.0124861941536,9.318064854514052,230.0
2026-01-01 01:06:18,1753.292663949341,9.586156200873772,230.0
2026-01-01 01:06:24,1700.502416287732,8.952143350970891,230.0
2026-01-01 01:06:30,1737.416371746826,9.198282119689395,230.0
2026-01-01 01:06:36,1717.599036224011,9.27770914429216,230.0
2026-01-01 01:06:42,1769.8405368814051,9.238741718915875,230.0
2026-01-01 01:06:48,1743.2787950050542,8.801094479549539,230.0
2026-01-01 01:06:54,1746.4635370003166,8.95178624716444,230.0
2026-01-01 01:07:00,1736.4839675587511,8.619803491777082,230.0
2026-01-01 01:07:06,1719.804778083598,9.328284880656957,230.0
2026-01-01 01:07:12,1758.5252243015716,9.126281709663868,230.0
2026-01-01 01:07:18,1723.0976360494435,9.444799883599405,230.0
2026-01-01 01:07:24,1720.1876317422411,9.425125245087703,230.0
2026-01-01 01:07:30,1705.5710119312505,8.751207228665203,230.0
2026-01-01 01:07:36,646.8486676973387,3.3765444169322834,230.0
2026-01-01 01:07:42,625.5335318482774,3.4363982650375298,230.0
2026-01-01 01:07:48,626.6702065844594,3.4669795694748693,230.0
2026-01-01 01:07:54,184.16191816171423,0.9255967827251615,230.0
2026-01-01 01:08:00,58.61421477388609,0.26484715227360517,230.0
2026-01-01 01:08:06,59.78909681790921,0.26513365005012113,230.0
2026-01-01 01:08:12,141.10892067074093,0.6448661085877666,230.0
2026-01-01 01:08:18,131.18881753968117,0.5955555946623733,230.0
2026-01-01 01:08:24,133.6881380503828,0.6041671806584747,230.0
2026-01-01 01:08:30,142.87023519099142,0.6482127265326839,230.0
2026-01-01 01:08:36,134.4465832626529,0.5908674754921948,230.0
2026-01-01 01:08:42,134.04845022760298,0.5926168193827075,230.0
2026-01-01 01:08:48,131.4408776143302,0.5822407889378922,230.0
2026-01-01 01:08:54,135.27075863085815,0.6113664875984027,230.0
2026-01-01 01:09:00,135.32527895591193,0.6109156706536449,230.0
2026-01-01 01:09:06,128.70505531603547,0.5855909296609199,230.0
2026-01-01 01:09:12,143.64591760166067,0.6369982869831398,230.0
2026-01-01 01:09:18,129.96631814988797,0.5751197302428551,230.0
2026-01-01 01:09:24,140.71368657852014,0.6437487011101605,230.0
2026-01-01 01:09:30,137.25203920408768,0.6190936455424781,230.0
2026-01-01 01:09:36,134.03331243245205,0.5941390315511856,230.0
2026-01-01 01:09:42,125.9159951384722,0.570881684292078,230.0
2026-01-01 01:09:48,139.77727060455578,0.620473900407488,230.0
2026-01-01 01:09:54,139.66103127663354,0.6244995966300498,230.0
2026-01-01 01:10:00,133.1214717114653,0.6036052608837256,230.0
2026-01-01 01:10:06,135.70010906772166,0.6000013783126057,230.0
2026-01-01 01:10:12,136.4405163024707,0.6061031228691977,230.0
2026-01-01 01:10:18,134.20804974101327,0.5984096045483684,230.0
2026-01-01 01:10:24,133.52950790761454,0.5951713392238027,230.0
2026-01-01 01:10:30,138.4068798674245,0.6128715399660829,230.0
2026-01-01 01:10:36,140.92637468038492,0.6289457849258017,230.0
2026-01-01 01:10:42,127.9669353104466,0.5748648356905202,230.0
2026-01-01 01:10:48,137.16178331343883,0.6067781938955433,230.0
2026-01-01 01:10:54,142.30794324001454,0.6380822869763831,230.0
2026-01-01 01:11:00,136.3401046041598,0.605925211294703,230.0
2026-01-01 01:11:06,131.01498138378847,0.593526223367819,230.0
2026-01-01 01:11:12,138.52487479411604,0.6339586077656233,230.0
2026-01-01 01:11:18,60.5473111602922,0.27233108960699925,230.0
2026-01-01 01:11:24,54.39488789589159,0.24811445081332922,230.0
2026-01-01 01:11:30,64.96394536338344,0.29393974527140976,230.0
2026-01-01 01:11:36,53.85528941772026,0.2407643130206858,230.0
2026-01-01 01:11:42,55.54592719680779,0.2519988255102874,230.0
2026-01-01 01:11:48,60.01227637145801,0.27408594129500324,230.0
2026-01-01 01:11:54,61.10201109578817,0.2688993520753445,230.0
2026-01-01 01:12:00,178.60986245921595,0.9063275377299078,230.0
2026-01-01 01:12:06,180.4878182349074,0.9529940135710652,230.0
2026-01-01 01:12:12,175.93566003664284,0.9170016879437899,230.0
2026-01-01 01:12:18,180.5316745549131,0.9585354040987233,230.0
2026-01-01 01:12:24,184.24345418736675,0.9228270382298355,230.0
2026-01-01 01:12:30,174.28739965668478,0.8794036894216694,230.0
2026-01-01 01:12:36,176.40986325095264,0.937753135053576,230.0
2026-01-01 01:12:42,174.9397485213987,0.9247254482933883,230.0
2026-01-01 01:12:48,1273.6997619501965,6.571609484404388,230.0
2026-01-01 01:12:54,1259.503163525262,6.9047223466720355,230.0
2026-01-01 01:13:00,3056.31787251888,16.540554133522047,230.0
2026-01-01 01:13:06,3045.29866858242,16.837914214211768,230.0
2026-01-01 01:13:12,3087.7751164189467,15.5289455057056,230.0
2026-01-01 01:13:18,3053.674048082661,15.830596441449467,230.0
2026-01-01 01:13:24,3082.176279317291,16.334472063481137,230.0
2026-01-01 01:13:30,3075.488661558845,15.226608311054996,230.0
2026-01-01 01:13:36,3098.267921611843,16.596446563909517,230.0
2026-01-01 01:13:42,3036.761537518434,16.729309865742444,230.0
2026-01-01 01:13:48,3087.5237036749563,16.71013785371874,230.0
2026-01-01 01:13:54,3104.775408550486,15.711693651455015,230.0
2026-01-01 01:14:00,3090.9491440807237,15.981094961948335,230.0
2026-01-01 01:14:06,3060.187383696621,15.572850703282084,230.0
2026-01-01 01:14:12,3096.794861933447,15.454049880919506,230.0
2026-01-01 01:14:18,3023.7705382836834,16.186913045147907,230.0
2026-01-01 01:14:24,3153.0623174041148,17.453038469254235,230.0
2026-01-01 01:14:30,3141.2258051133567,16.45680819090921,230.0
2026-01-01 01:14:36,3102.9072613577714,16.238744905957006,230.0
2026-01-01 01:14:42,3181.7573383902136,15.767597580619805,230.0
2026-01-01 01:14:48,3114.57438229696,17.22288571779321,230.0
2026-01-01 01:14:54,3149.9517521588077,16.399172004005777,230.0
2026-01-01 01:15:00,3204.00269588389,17.47154385252228,230.0
2026-01-01 01:15:06,3149.551670097762,16.00244550311657,230.0
2026-01-01 01:15:12,3105.149508631644,17.05384270499604,230.0
2026-01-01 01:15:18,3139.3858797468856,16.139860842224465,230.0
2026-01-01 01:15:24,3097.304876956662,17.17475115174935,230.0
2026-01-01 01:15:30,3175.8661984183177,16.604414020693405,230.0
2026-01-01 01:15:36,3123.4778704438954,15.524004453135118,230.0
2026-01-01 01:15:42,3213.374099857379,17.739134439509314,230.0
2026-01-01 01:15:48,3090.4286947821133,15.891241579043934,230.0
2026-01-01 01:15:54,3094.9049395660977,16.42822447778862,230.0
2026-01-01 01:16:00,3030.605317739185,13.459652617496902,230.0
2026-01-01 01:16:06,3013.827747422675,13.519544563105557,230.0
2026-01-01 01:16:12,3010.723233824115,13.567146498247174,230.0
2026-01-01 01:16:18,2959.2452923209503,13.34972340797231,230.0
2026-01-01 01:16:24,3026.902493926724,13.56258844635748,230.0
2026-01-01 01:16:30,3083.713451345816,13.825348602865231,230.0
2026-01-01 01:16:36,2974.982779876722,13.070818405914704,230.0
2026-01-01 01:16:42,3052.3231379477465,13.904775685634554,230.0
2026-01-01 01:16:48,2991.9710248887973,13.17516774890357,230.0
2026-01-01 01:16:54,3092.2432138458003,14.145995321604364,230.0
2026-01-01 01:17:00,2970.994023141446,13.554285526975178,230.0
2026-01-01 01:17:06,3011.684282135041,13.676896415170276,230.0
2026-01-01 01:17:12,3018.2360067505087,13.599993527152067,230.0
2026-01-01 01:17:18,3139.825983842916,14.303357567573897,230.0
2026-01-01 01:17:24,3048.202062560502,13.494536778328703,230.0
2026-01-01 01:17:30,2987.239011047129,13.480445810305216,230.0
2026-01-01 01:17:36,3448.6337170140787,18.27651658397712,230.0
2026-01-01 01:17:42,3416.5982933812734,17.28807181280704,230.0
2026-01-01 01:17:48,3403.512759663228,18.4069085431071,230.0
2026-01-01 01:17:54,3369.91354020636,17.192358334545165,230.0
2026-01-01 01:18:00,2265.165994927824,11.64679701050537,230.0
2026-01-01 01:18:06,2314.8115201625187,12.048354713053039,230.0
2026-01-01 01:18:12,2344.941271219589,12.875074326702123,230.0
2026-01-01 01:18:18,2298.8355873163746,12.717684816196268,230.0
2026-01-01 01:18:24,2256.9957137756383,11.691006934494045,230.0
2026-01-01 01:18:30,2206.1456562299463,11.653583428614308,230.0
2026-01-01 01:18:36,2342.979772662362,12.274309032520257,230.0
2026-01-01 01:18:42,2273.518874410765,11.335707736133749,230.0
2026-01-01 01:18:48,2289.5527880360887,12.274325379819842,230.0
2026-01-01 01:18:54,2242.522707920652,11.107480184130253,230.0
2026-01-01 01:19:00,2282.0012508152927,12.271856968065885,230.0
2026-01-01 01:19:06,2232.2829592378453,11.54871067966504,230.0
2026-01-01 01:19:12,2338.122087175441,12.809929388364838,230.0
2026-01-01 01:19:18,2289.8771429712783,11.612014166668294,230.0
2026-01-01 01:19:24,2309.4638976182146,11.758157451081647,230.0
2026-01-01 01:19:30,2321.1719592321238,12.868572973119662,230.0
2026-01-01 01:19:36,2316.6531599366253,11.529001224689368,230.0
2026-01-01 01:19:42,2355.7482708124635,12.535293367093693,230.0
2026-01-01 01:19:48,2329.231467630081,11.827194477389032,230.0
2026-01-01 01:19:54,2334.0337130747093,11.980906748790394,230.0
2026-01-01 01:20:00,2477.811681556835,12.783891213824894,230.0
2026-01-01 01:20:06,2483.7942235394294,12.778305592014922,230.0
2026-01-01 01:20:12,2401.473127478465,12.051339509893682,230.0
2026-01-01 01:20:18,613.605530398165,3.269486573119412,230.0
2026-01-01 01:20:24,630.4183454485686,3.4399408276291066,230.0
2026-01-01 01:20:30,639.3225348306444,3.451134918746592,230.0
2026-01-01 01:20:36,700.8900506419261,3.587462775238204,230.0
2026-01-01 01:20:42,720.0561322325779,3.778210855561751,230.0
2026-01-01 01:20:48,704.6974361620944,3.522534820058374,230.0
2026-01-01 01:20:54,712.2367347732965,3.66526716867511,230.0
2026-01-01 01:21:00,730.6374100273433,3.6939913185351476,230.0
2026-01-01 01:21:06,703.651110131879,3.7750912040195814,230.0
2026-01-01 01:21:12,693.0826934975706,3.7530893272389516,230.0
2026-01-01 01:21:18,688.5327368133319,3.5857078781387197,230.0
2026-01-01 01:21:24,701.9693543174584,3.8342899681349865,230.0
2026-01-01 01:21:30,712.0360064329261,3.7671339131060817,230.0
2026-01-01 01:21:36,721.2429746477743,3.72235482967977,230.0
2026-01-01 01:21:42,691.6947915713264,3.5580701037575224,230.0
2026-01-01 01:21:48,701.4863756861719,3.8163369757443895,230.0
2026-01-01 01:21:54,711.9727501073473,3.739551243867277,230.0
2026-01-01 01:22:00,709.957626882501,3.949267681398886,230.0
2026-01-01 01:22:06,689.5693102227442,3.7897788089714695,230.0
2026-01-01 01:22:12,696.7855478961126,3.7302709183762226,230.0
2026-01-01 01:22:18,687.0655578353733,3.483044798782943,230.0
2026-01-01 01:22:24,706.4083438902275,3.7626750259171766,230.0
2026-01-01 01:22:30,702.8894594563574,3.6024480554740532,230.0
2026-01-01 01:22:36,705.2392064270105,3.908120403913194,230.0
2026-01-01 01:22:42,720.1909639147881,3.7003259594750473,230.0
2026-01-01 01:22:48,702.0406777726962,3.759861494713268,230.0
2026-01-01 01:22:54,716.2443367907647,3.752379828248502,230.0
2026-01-01 01:23:00,699.0204532847149,3.596904322888829,230.0
2026-01-01 01:23:06,712.0777985183745,3.880357883450539,230.0
2026-01-01 01:23:12,1823.0512774178503,9.767571691546106,230.0
2026-01-01 01:23:18,1775.6763003928522,9.049319084727712,230.0
2026-01-01 01:23:24,1811.930161293088,9.63959265736437,230.0
2026-01-01 01:23:30,1785.9881142396684,9.316945143183954,230.0
2026-01-01 01:23:36,1812.85671192262,8.97632424446922,230.0
2026-01-01 01:23:42,1719.384989940562,9.089375931148304,230.0
2026-01-01 01:23:48,1743.9671863957535,9.1954142105921,230.0
2026-01-01 01:23:54,1698.9022234704616,9.083540445742587,230.0
2026-01-01 01:24:00,1583.0063599960995,8.629823929828277,230.0
2026-01-01 01:24:06,1626.7397410621452,8.1168323456898,230.0
2026-01-01 01:24:12,1617.0145878666372,8.717531082412133,230.0
2026-01-01 01:24:18,1616.5315177974333,8.343703470861717,230.0
2026-01-01 01:24:24,1592.411060380988,8.099856466385999,230.0
2026-01-01 01:24:30,1597.7357647288527,8.357497805759124,230.0
2026-01-01 01:24:36,1604.9331379118398,8.632121907691122,230.0
2026-01-01 01:24:42,1647.694041358891,8.751256784135592,230.0
2026-01-01 01:24:48,1608.0632947092956,8.623480041572325,230.0
2026-01-01 01:24:54,1583.4224753497333,8.266334803372814,230.0
2026-01-01 01:25:00,1618.4998907989575,8.065900441661414,230.0
2026-01-01 01:25:06,1606.178253004053,8.056403494720023,230.0
2026-01-01 01:25:12,1594.3110218966392,8.187081207551893,230.0
2026-01-01 01:25:18,1600.2322626660907,8.612198619198711,230.0
2026-01-01 01:25:24,1605.248697236187,8.482239397895755,230.0
2026-01-01 01:25:30,1627.9526937644127,8.143040189884424,230.0
2026-01-01 01:25:36,1590.6382155955705,8.801665195283643,230.0
2026-01-01 01:25:42,1576.188068183041,8.413508066180631,230.0
2026-01-01 01:25:48,1606.7297549204347,8.595639344067415,230.0
2026-01-01 01:25:54,1633.4197362609343,8.380057101514497,230.0
2026-01-01 01:26:00,1587.827631361751,8.68702892328178,230.0
2026-01-01 01:26:06,1607.694561866163,8.683010156546557,230.0
2026-01-01 01:26:12,1591.3962415554424,8.391144299312574,230.0
2026-01-01 01:26:18,1652.103782114854,8.404706200447269,230.0
2026-01-01 01:26:24,1575.7140169165964,8.40107484107259,230.0
2026-01-01 01:26:30,1591.7226901007457,8.33810503468497,230.0
2026-01-01 01:26:36,1572.449388657303,7.950250031169287,230.0
2026-01-01 01:26:42,1588.24694020829,7.96570299791225,230.0
2026-01-01 01:26:48,1626.170904952014,8.269898249534581,230.0
2026-01-01 01:26:54,1688.008090589006,8.558766011889855,230.0
2026-01-01 01:27:00,1666.508302613263,8.741503154640949,230.0
2026-01-01 01:27:06,1682.0471449621523,9.33388340472949,230.0
2026-01-01 01:27:12,1672.4163913264413,8.44507414473736,230.0
2026-01-01 01:27:18,1250.5385093131174,5.642586300579068,230.0
2026-01-01 01:27:24,1242.710827322229,5.465548881281497,230.0
2026-01-01 01:27:30,1242.2466875808957,5.475067314396343,230.0
2026-01-01 01:27:36,3058.2890006592925,13.500934066905403,230.0
2026-01-01 01:27:42,3024.1841196789483,13.71028657766703,230.0
2026-01-01 01:27:48,3070.326099137021,13.843412255425136,230.0
2026-01-01 01:27:54,2951.63513525918,13.131805706690633,230.0
2026-01-01 01:28:00,3132.8846820441786,17.4327669815562,230.0
2026-01-01 01:28:06,3190.548029411427,16.366370500865308,230.0
2026-01-01 01:28:12,3131.6426805784995,17.073794318531505,230.0
2026-01-01 01:28:18,3148.917565060573,16.480005923589964,230.0
2026-01-01 01:28:24,2092.286327602953,10.70145772386341,230.0
2026-01-01 01:28:30,2091.3750318280645,10.363831380532917,230.0
2026-01-01 01:28:36,2023.54859498334,10.172254306292004,230.0
2026-01-01 01:28:42,2024.142876354497,10.403629641481034,230.0
2026-01-01 01:28:48,2046.1418659570952,10.142795616472021,230.0
2026-01-01 01:28:54,2059.10452535136,10.709997075888278,230.0
2026-01-01 01:29:00,2140.7250453245174,11.478717646997888,230.0
2026-01-01 01:29:06,2070.6940806658786,10.443288922440434,230.0
2026-01-01 01:29:12,2049.596515788144,10.466074802984384,230.0
2026-01-01 01:29:18,2109.8345286377416,10.933935311750302,230.0
2026-01-01 01:29:24,2083.8675444449555,10.85833122339778,230.0
2026-01-01 01:29:30,1986.92526439272,10.796262113578212,230.0
2026-01-01 01:29:36,2031.3122977166415,11.14580476321334,230.0
2026-01-01 01:29:42,2111.8737515346384,10.702086914552519,230.0
2026-01-01 01:29:48,2127.09386857014,10.524905286617923,230.0
2026-01-01 01:29:54,1938.7905362962465,9.92297499249529,230.0
2026-01-01 01:30:00,1942.522319769392,10.087935298913854,230.0
2026-01-01 01:30:06,1958.3705525768612,10.085911445306664,230.0
2026-01-01 01:30:12,1900.0394028159717,9.737796749355589,230.0
2026-01-01 01:30:18,2005.5169026636945,9.951551938320964,230.0
2026-01-01 01:30:24,1955.2784137016952,10.140908183185044,230.0
2026-01-01 01:30:30,1977.6571574567176,10.077573792319063,230.0
2026-01-01 01:30:36,1951.9066083501589,9.882033224847165,230.0
2026-01-01 01:30:42,1941.018210767794,9.664880998533256,230.0
2026-01-01 01:30:48,1945.762765864543,10.794104186597428,230.0
2026-01-01 01:30:54,1937.945065363579,10.33545110705628,230.0
2026-01-01 01:31:00,1926.3988447725192,10.396531823184393,230.0
2026-01-01 01:31:06,1958.255977033516,9.901992035107794,230.0
2026-01-01 01:31:12,1954.9862121265849,10.621924803689614,230.0
2026-01-01 01:31:18,1943.6618661896216,10.832150607323774,230.0
2026-01-01 01:31:24,2014.4675813603296,11.011459464948913,230.0
2026-01-01 01:31:30,2021.796978322534,10.184300535447857,230.0
2026-01-01 01:31:36,1962.61345025548,9.909971079926777,230.0
2026-01-01 01:31:42,1924.47536316703,9.938588145871547,230.0
2026-01-01 01:31:48,1987.7426229396597,10.575920489091564,230.0
2026-01-01 01:31:54,1982.2410036313192,10.750529214472351,230.0
2026-01-01 01:32:00,1845.4490128864625,8.366936356327445,230.0
2026-01-01 01:32:06,1829.5979031725496,8.099667362063702,230.0
2026-01-01 01:32:12,1820.038598961457,8.067044351449368,230.0
2026-01-01 01:32:18,1864.4807774614408,8.317822766447613,230.0
2026-01-01 01:32:24,1907.772387277628,8.581342508727351,230.0
2026-01-01 01:32:30,1824.878480300352,8.239123679215297,230.0
2026-01-01 01:32:36,1881.0959550193288,8.290508448931318,230.0
2026-01-01 01:32:42,1857.2648957005483,8.405786067932645,230.0
2026-01-01 01:32:48,1898.8173071387864,8.553108277976795,230.0
2026-01-01 01:32:54,1865.795228421015,8.501447482457298,230.0
2026-01-01 01:33:00,1936.7139681681065,8.772470467319657,230.0
2026-01-01 01:33:06,1984.4484793938,9.067560426233264,230.0
2026-01-01 01:33:12,1892.1715455465544,8.477692772010391,230.0
2026-01-01 01:33:18,1821.4483248472973,8.040508725695025,230.0
2026-01-01 01:33:24,1986.9994963855656,8.94642529422598,230.0
2026-01-01 01:33:30,1913.7706381879448,8.623596302375198,230.0
2026-01-01 01:33:36,3111.1250902700376,13.727095699001802,230.0
2026-01-01 01:33:42,3028.797543143477,13.379889987400675,230.0
2026-01-01 01:33:48,3060.858542713645,13.488235970100982,230.0
2026-01-01 01:33:54,3020.832394237419,13.483256886267666,230.0
2026-01-01 01:34:00,2946.305288635813,13.005702578750483,230.0
2026-01-01 01:34:06,3023.5355709843097,13.67770557623154,230.0
2026-01-01 01:34:12,3014.75843343064,13.50400064404876,230.0
2026-01-01 01:34:18,3021.797109568752,13.470639770437987,230.0
2026-01-01 01:34:24,3038.356238898549,13.434528787871276,230.0
2026-01-01 01:34:30,3055.884358973594,13.696007636239905,230.0
2026-01-01 01:34:36,3036.1206373835803,13.458806824608859,230.0
2026-01-01 01:34:42,2989.6596525400464,13.429100019835913,230.0
2026-01-01 01:34:48,2992.645603754092,13.3509906139876,230.0
2026-01-01 01:34:54,1262.9936968566496,5.71775724190653,230.0
2026-01-01 01:35:00,1257.2718782239294,5.5816329986770015,230.0
2026-01-01 01:35:06,1270.235858253649,5.587325966175224,230.0
2026-01-01 01:35:12,1240.4153305282746,5.543181051997234,230.0
2026-01-01 01:35:18,1243.4663643723366,5.544170096151893,230.0
2026-01-01 01:35:24,1189.994350557071,5.292853755403763,230.0
2026-01-01 01:35:30,1229.328722513134,5.423966050877382,230.0
2026-01-01 01:35:36,1238.2818043801612,5.466677014496341,230.0
2026-01-01 01:35:42,1210.1835297923335,5.44055237312193,230.0
2026-01-01 01:35:48,1217.3870359417176,5.398014296816824,230.0
2026-01-01 01:35:54,1203.2689641996403,5.44733720666101,230.0
2026-01-01 01:36:00,1357.3458500625109,6.8371827333013995,230.0
2026-01-01 01:36:06,1307.9037590190703,6.669520608489399,230.0
2026-01-01 01:36:12,1260.9512493789846,6.615840423621914,230.0
2026-01-01 01:36:18,1286.2864423661845,6.5594342285169915,230.0
2026-01-01 01:36:24,1290.3105261411156,6.790380580942803,230.0
2026-01-01 01:36:30,1273.9438958546193,6.476112858028507,230.0
2026-01-01 01:36:36,1246.9838632616352,6.54727047842071,230.0
2026-01-01 01:36:42,1274.4220283707143,6.682702615004143,230.0
2026-01-01 01:36:48,1276.9779863846245,6.6087123846260365,230.0
2026-01-01 01:36:54,1268.218118928626,6.750151553818507,230.0
2026-01-01 01:37:00,1739.4656140479278,9.173760707540518,230.0
2026-01-01 01:37:06,1771.766042254514,9.237172700754295,230.0
2026-01-01 01:37:12,1683.3372264902205,8.474441240074574,230.0
2026-01-01 01:37:18,1687.0276144084808,9.022955223595542,230.0
2026-01-01 01:37:24,1717.9559171601873,9.09687385208349,230.0
2026-01-01 01:37:30,1736.8560880257126,9.620739859542576,230.0
2026-01-01 01:37:36,1741.9538818988194,8.641245961004241,230.0
2026-01-01 01:37:42,1744.158878491085,9.508548278586387,230.0
2026-01-01 01:37:48,1703.6471869947968,8.563492483040719,230.0
2026-01-01 01:37:54,1735.0995312103614,9.269153919845238,230.0
2026-01-01 01:38:00,1750.630072124161,8.87366586666154,230.0
2026-01-01 01:38:06,1769.5610535908577,9.014811516622547,230.0
2026-01-01 01:38:12,1736.547391588288,9.405898635550429,230.0
2026-01-01 01:38:18,1690.046871109085,9.30948618671689,230.0
2026-01-01 01:38:24,1719.4020287581493,9.41503008153473,230.0
2026-01-01 01:38:30,1716.644174249052,8.825232078197738,230.0
2026-01-01 01:38:36,1650.550595639976,8.482762704574384,230.0
2026-01-01 01:38:42,1775.338879274911,9.747550800018104,230.0
2026-01-01 01:38:48,625.4270906532947,3.4137806073474772,230.0
2026-01-01 01:38:54,610.2706735644019,3.1925413094572512,230.0
2026-01-01 01:39:00,645.5212518010322,3.436234826110808,230.0
2026-01-01 01:39:06,632.3616463924355,3.438474856987562,230.0
2026-01-01 01:39:12,711.406755697494,3.649955157558349,230.0
2026-01-01 01:39:18,697.9807460252515,3.490048747591681,230.0
2026-01-01 01:39:24,717.4903857682444,3.555539385705808,230.0
2026-01-01 01:39:30,710.2970236070291,3.609353361700642,230.0
2026-01-01 01:39:36,697.598208375796,3.716292062154054,230.0
2026-01-01 01:39:42,720.4420556528639,3.8858007040264715,230.0
2026-01-01 01:39:48,715.4092357081015,3.6849248001062502,230.0
2026-01-01 01:39:54,702.1880401337642,3.5638189448879136,230.0
2026-01-01 01:40:00,576.5034409512107,2.864409344992249,230.0
2026-01-01 01:40:06,583.4974330431862,3.1571939297789884,230.0
2026-01-01 01:40:12,585.3066057968063,3.1695989684073647,230.0
2026-01-01 01:40:18,587.1771100476418,3.155047673119267,230.0
2026-01-01 01:40:24,579.4713910708305,2.935458182965834,230.0
2026-01-01 01:40:30,589.6440750074387,3.2448350112573605,230.0
2026-01-01 01:40:36,580.8623507998371,3.220688725736995,230.0
2026-01-01 01:40:42,560.3919746263055,2.7883801069838916,230.0
2026-01-01 01:40:48,578.2037519171065,2.924794566122451,230.0
2026-01-01 01:40:54,569.4655219810179,2.9473514195282395,230.0
2026-01-01 01:41:00,587.1706686978632,3.0081458626293767,230.0
2026-01-01 01:41:06,579.6879907011632,3.2019068983137497,230.0
2026-01-01 01:41:12,609.0339155958623,3.117572649667144,230.0
2026-01-01 01:41:18,585.4401802269726,3.0652280220559502,230.0
2026-01-01 01:41:24,570.6212353515123,2.876883598418103,230.0
2026-01-01 01:41:30,573.8146999333394,2.9465028187007576,230.0
2026-01-01 01:41:36,597.0066762471272,3.228128784124202,230.0
2026-01-01 01:41:42,581.3282419298628,2.889712717032559,230.0
2026-01-01 01:41:48,594.4558216590713,3.2639720158201553,230.0
2026-01-01 01:41:54,578.1167787161627,3.0864491068007296,230.0
2026-01-01 01:42:00,581.0964477416437,2.9259179374997712,230.0
2026-01-01 01:42:06,589.9977614114891,2.9259648144336685,230.0
2026-01-01 01:42:12,2353.2435297942748,11.90515753321244,230.0
2026-01-01 01:42:18,2336.469994335291,11.72378062274855,230.0
2026-01-01 01:42:24,2343.097295790364,12.873028164013034,230.0
2026-01-01 01:42:30,2299.232085255652,11.767730809799346,230.0
2026-01-01 01:42:36,2386.2529564952765,12.609264038060273,230.0
2026-01-01 01:42:42,2305.2839018923805,11.538061115423462,230.0
2026-01-01 01:42:48,2352.188274603217,12.174271759623345,230.0
2026-01-01 01:42:54,2359.680831242438,12.311569596423622,230.0
2026-01-01 01:43:00,2271.0850068890045,11.363477126082651,230.0
2026-01-01 01:43:06,2309.926922684442,11.90294175902107,230.0
2026-01-01 01:43:12,2340.8297942890285,11.880952792485822,230.0
2026-01-01 01:43:18,2283.3721258541423,12.445970882090428,230.0
2026-01-01 01:43:24,2301.4697951699254,11.617846048461502,230.0
2026-01-01 01:43:30,2368.580006222046,12.44638605638283,230.0
2026-01-01 01:43:36,2338.210361014623,13.019663984744653,230.0
2026-01-01 01:43:42,2320.462932835067,11.820223574983542,230.0
2026-01-01 01:43:48,2290.3274682298606,12.273841848708791,230.0
2026-01-01 01:43:54,2331.495931795036,12.84235306212196,230.0
2026-01-01 01:44:00,3533.6636135702674,19.008772325531172,230.0
2026-01-01 01:44:06,3483.340583943897,19.099872467751283,230.0
2026-01-01 01:44:12,3518.3108693383697,17.745740559327363,230.0
2026-01-01 01:44:18,3513.569738741718,18.244518863427892,230.0
2026-01-01 01:44:24,3545.682024755444,19.636050997082023,230.0
2026-01-01 01:44:30,3525.471460305919,17.51716399164574,230.0
2026-01-01 01:44:36,3479.1838224892463,17.324355031470276,230.0
2026-01-01 01:44:42,3624.107114538188,19.084456823462663,230.0
2026-01-01 01:44:48,3469.842798758554,18.117140412362662,230.0
2026-01-01 01:44:54,3523.2011837256105,19.283359309577484,230.0
2026-01-01 01:45:00,3507.70847635245,17.501648026749987,230.0
2026-01-01 01:45:06,3540.228851145684,18.759364661932427,230.0
2026-01-01 01:45:12,3469.024382360585,18.095073505268658,230.0
2026-01-01 01:45:18,3601.019128772576,19.374607692908235,230.0
2026-01-01 01:45:24,3644.4597393209306,18.491997620413958,230.0
2026-01-01 01:45:30,3547.9457485989637,19.032749823421522,230.0
2026-01-01 01:45:36,3613.361911842212,18.859445382087408,230.0
2026-01-01 01:45:42,3564.26794015001,18.020905650481414,230.0
2026-01-01 01:45:48,3611.7636917001673,18.191499412529097,230.0
2026-01-01 01:45:54,3596.6818176057127,19.48961616613928,230.0
2026-01-01 01:46:00,3609.692809679725,18.66673389798605,230.0
2026-01-01 01:46:06,3584.121222640262,19.243566846958235,230.0
2026-01-01 01:46:12,3616.5313104502425,19.822146272218177,230.0
2026-01-01 01:46:18,3623.417474351145,19.55085503966861,230.0
2026-01-01 01:46:24,3557.9719766073194,19.617340850890248,230.0
2026-01-01 01:46:30,3632.894522603667,19.34817000291561,230.0
2026-01-01 01:46:36,3621.389844519232,18.235447569072,230.0
2026-01-01 01:46:42,3195.079352885676,16.19241132560784,230.0
2026-01-01 01:46:48,3159.633465706489,16.048818361971872,230.0
2026-01-01 01:46:54,3021.6586354719348,15.63210332741378,230.0
2026-01-01 01:47:00,3245.74770293608,16.92921658501073,230.0
2026-01-01 01:47:06,3150.8583439382487,15.601577662945003,230.0
2026-01-01 01:47:12,3137.80709702121,16.420316750002776,230.0
2026-01-01 01:47:18,3194.572497372127,16.470310621374633,230.0
2026-01-01 01:47:24,3139.775203863555,16.450525718415804,230.0
2026-01-01 01:47:30,3133.8650173681453,16.530904832860795,230.0
2026-01-01 01:47:36,3172.3576546454024,17.61648497775567,230.0
2026-01-01 01:47:42,3185.0341885812377,15.795567462460694,230.0
2026-01-01 01:47:48,3112.0819202491843,15.55646628705977,230.0
2026-01-01 01:47:54,3089.895452894414,16.290664992769095,230.0
2026-01-01 01:48:00,2977.4867561350047,13.563156093925667,230.0
2026-01-01 01:48:06,2978.4424772593243,13.440335646450693,230.0
2026-01-01 01:48:12,3064.6878812519,13.672326804747494,230.0
2026-01-01 01:48:18,3033.528897656264,13.681513355368082,230.0
2026-01-01 01:48:24,3049.077042811043,13.581139829642376,230.0
2026-01-01 01:48:30,2933.053486994188,13.243746121785517,230.0
2026-01-01 01:48:36,2956.940647886336,13.518780376001597,230.0
2026-01-01 01:48:42,2949.7033493717045,13.418015581787714,230.0
2026-01-01 01:48:48,2983.7056312381483,13.501047499491852,230.0
2026-01-01 01:48:54,2959.2861281570404,13.369072030062284,230.0
2026-01-01 01:49:00,2993.0762190453333,13.381987804226817,230.0
2026-01-01 01:49:06,2982.469907535132,13.194210745981875,230.0
2026-01-01 01:49:12,1854.039653997325,8.193621452307251,230.0
2026-01-01 01:49:18,1811.8981500904629,8.083038959647597,230.0
2026-01-01 01:49:24,1839.664459895868,8.22621092452301,230.0
2026-01-01 01:49:30,59.61682949589373,0.26472057902174495,230.0
2026-01-01 01:49:36,58.36556675931506,0.26681970693082707,230.0
2026-01-01 01:49:42,61.5770126947491,0.274700743488886,230.0
2026-01-01 01:49:48,65.78153121134338,0.2947471942769186,230.0
2026-01-01 01:49:54,64.68923623352077,0.29005015782047633,230.0
2026-01-01 01:50:00,61.21287300895988,0.2797498835957932,230.0
2026-01-01 01:50:06,66.9325458134026,0.29861153923848804,230.0
2026-01-01 01:50:12,65.95522654072299,0.2979313592511781,230.0
2026-01-01 01:50:18,58.124775406861765,0.26481592514440205,230.0
2026-01-01 01:50:24,52.38065390414074,0.2385455072279749,230.0
2026-01-01 01:50:30,58.46711040822676,0.2596772180142839,230.0
2026-01-01 01:50:36,57.04965029052587,0.25458821110643737,230.0
2026-01-01 01:50:42,54.68627738781303,0.24173448389058333,230.0
2026-01-01 01:50:48,58.57035930293991,0.2651275221591151,230.0
2026-01-01 01:50:54,57.408245730216485,0.2567765811203136,230.0
2026-01-01 01:51:00,52.54508652750823,0.23437535505435206,230.0
2026-01-01 01:51:06,54.95110789113069,0.24973410337454222,230.0
2026-01-01 01:51:12,66.9508662737045,0.29695049287429476,230.0
2026-01-01 01:51:18,64.12178532806648,0.29292765851074154,230.0
2026-01-01 01:51:24,69.07647638171396,0.303838437028401,230.0
2026-01-01 01:51:30,61.11243123457976,0.27028897304528615,230.0
2026-01-01 01:51:36,146.0371759770332,0.6645310964099403,230.0
2026-01-01 01:51:42,141.3713232762589,0.6344323987742005,230.0
2026-01-01 01:51:48,133.4399383757892,0.5913229700618956,230.0
2026-01-01 01:51:54,133.217118932486,0.5990118416402385,230.0
2026-01-01 01:52:00,257.83971811857907,1.3687310742312058,230.0
2026-01-01 01:52:06,273.90640196032,1.4771980471938149,230.0
2026-01-01 01:52:12,253.2190028575696,1.2757179448398677,230.0
2026-01-01 01:52:18,253.71334642786036,1.2784773530468274,230.0
2026-01-01 01:52:24,251.90796207361376,1.3433680373290031,230.0
2026-01-01 01:52:30,252.74084714704668,1.2959348026150719,230.0
2026-01-01 01:52:36,248.6764910498304,1.2405095209892492,230.0
2026-01-01 01:52:42,262.4451333888154,1.3217296558046625,230.0
2026-01-01 01:52:48,252.26263594728275,1.2698267030350572,230.0
2026-01-01 01:52:54,258.04108519889195,1.337850786395301,230.0
2026-01-01 01:53:00,256.9954338035286,1.4183085936168756,230.0
2026-01-01 01:53:06,252.78504056251404,1.2783948697813785,230.0
2026-01-01 01:53:12,247.25962274444856,1.3149176997445238,230.0
2026-01-01 01:53:18,255.8651541248222,1.3926941891254363,230.0
2026-01-01 01:53:24,258.69938577504,1.3553135426080138,230.0
2026-01-01 01:53:30,249.7441703323537,1.2802897137825127,230.0
2026-01-01 01:53:36,252.5367491552176,1.3714578560645712,230.0
2026-01-01 01:53:42,268.3086278920242,1.4496115782756582,230.0
2026-01-01 01:53:48,256.4999039013357,1.3177869208381727,230.0
2026-01-01 01:53:54,258.7507792807832,1.2890628273955609,230.0
2026-01-01 01:54:00,259.2522269025933,1.318677707966901,230.0
2026-01-01 01:54:06,253.77311258115805,1.397051227883957,230.0
2026-01-01 01:54:12,253.4570630626781,1.4030603282918452,230.0
2026-01-01 01:54:18,250.05991629126552,1.3269830346050586,230.0
2026-01-01 01:54:24,1401.3833715708972,7.480707514715824,230.0
2026-01-01 01:54:30,1395.1237606087648,7.413879490425578,230.0
2026-01-01 01:54:36,1365.3750864820706,6.843330019700339,230.0
2026-01-01 01:54:42,1296.7933692593786,6.502799759801287,230.0
2026-01-01 01:54:48,1251.2406322759705,6.382279535234561,230.0
2026-01-01 01:54:54,1292.0386776370906,6.834626748226087,230.0
2026-01-01 01:55:00,1240.901817674957,6.410894542728524,230.0
2026-01-01 01:55:06,1291.7885485830238,7.143995635941296,230.0
2026-01-01 01:55:12,1272.4991083471532,6.665843470023213,230.0
2026-01-01 01:55:18,1263.9736879644654,6.946437576414827,230.0
2026-01-01 01:55:24,1279.848657175444,7.041472881473743,230.0
2026-01-01 01:55:30,1248.2605828369374,6.326542422020277,230.0
2026-01-01 01:55:36,1290.2244344342164,6.792095258058361,230.0
2026-01-01 01:55:42,1273.8731127254885,6.688969792765851,230.0
2026-01-01 01:55:48,1279.6540499696357,6.99144006684591,230.0
2026-01-01 01:55:54,1234.7951114126874,6.7736615822424096,230.0
2026-01-01 01:56:00,1176.7041610986405,5.168910223762532,230.0
2026-01-01 01:56:06,1187.7742593643047,5.301401451711142,230.0
2026-01-01 01:56:12,1160.3406818889691,5.107508044008373,230.0
2026-01-01 01:56:18,1173.254661002156,5.219945410525527,230.0
2026-01-01 01:56:24,1610.3675594179813,8.118895387258686,230.0
2026-01-01 01:56:30,1610.1796887143987,8.559868464333565,230.0
2026-01-01 01:56:36,1644.5674621576152,8.921459493930792,230.0
2026-01-01 01:56:42,1627.995220380118,8.068179588436,230.0
2026-01-01 01:56:48,3493.9691264597577,18.554258465370886,230.0
2026-01-01 01:56:54,3416.8235178670843,18.208394583562175,230.0
2026-01-01 01:57:00,3501.385477732705,19.20884683652509,230.0
2026-01-01 01:57:06,3420.081237373579,18.883152180223274,230.0
2026-01-01 01:57:12,3386.8186488373544,17.886927813970363,230.0
2026-01-01 01:57:18,3455.1988748507606,18.993064040690395,230.0
2026-01-01 01:57:24,3389.6355153537475,17.251783311743846,230.0
2026-01-01 01:57:30,3443.1369862254983,17.813576846906688,230.0
2026-01-01 01:57:36,3442.068451958519,17.544618247144857,230.0
2026-01-01 01:57:42,3421.103248276574,17.012149653552594,230.0
2026-01-01 01:57:48,3457.650795370249,18.613977642641668,230.0
2026-01-01 01:57:54,3545.3816589270123,18.38585342124603,230.0
2026-01-01 01:58:00,3529.5755399848767,18.84399447375552,230.0
2026-01-01 01:58:06,3617.316127823975,20.08012344716265,230.0
2026-01-01 01:58:12,3566.4572619907017,19.075805586048308,230.0
2026-01-01 01:58:18,3525.970765599836,18.654324433819042,230.0
2026-01-01 01:58:24,3458.883009957589,19.214717677867583,230.0
2026-01-01 01:58:30,3441.0511408029624,18.782165407645874,230.0
2026-01-01 01:58:36,3505.934799503224,17.89174995102633,230.0
2026-01-01 01:58:42,3494.8686597530577,18.832585735413225,230.0
2026-01-01 01:58:48,3442.259245395019,19.1037619829848,230.0
2026-01-01 01:58:54,3459.4399962103703,17.26404015047534,230.0
2026-01-01 01:59:00,3448.724195061064,17.888986256109607,230.0
2026-01-01 01:59:06,3517.238584862758,19.39681211753265,230.0
2026-01-01 01:59:12,3520.3876260429597,18.40273471240771,230.0
2026-01-01 01:59:18,3457.2080357416094,19.027452060941645,230.0
2026-01-01 01:59:24,3439.459578630999,17.335896290305257,230.0
2026-01-01 01:59:30,3531.647706855841,18.79365340505454,230.0
2026-01-01 01:59:36,2350.6121553586872,13.090075071415999,230.0
2026-01-01 01:59:42,2401.1131370516187,12.456970463131587,230.0
2026-01-01 01:59:48,2340.136718348159,12.028488905712823,230.0
2026-01-01 01:59:54,2425.246843292757,12.797893043071225,230.0
